File_name;instances\j12010_1.sm;FileNr;1;Cycles;24388;PopulationSize;231;Fitness;111;Critical_path;111;Deviation;0.0;UID;111_1_2_3_4_7_96_9_21_14_20_5_8_27_30_37_68_13_22_11_40_45_6_51_55_26_41_29_12_15_32_69_10_61_35_72_76_17_36_53_77_33_81_16_19_39_47_74_83_28_52_24_48_88_60_82_31_25_38_42_23_34_46_58_106_71_90_43_67_44_54_56_62_57_18_59_100_84_94_49_63_78_65_66_73_50_64_75_101_97_87_104_89_91_80_86_98_85_110_95_103_116_70_79_93_111_118_112_92_108_99_120_102_113_107_109_114_105_115_117_121_119_122
File_name;instances\j12010_1.sm;FileNr;1;Cycles;22230;PopulationSize;214;Fitness;111;Critical_path;111;Deviation;0.0;UID;111_1_2_3_4_7_96_9_21_14_20_5_8_27_26_37_68_30_22_11_29_6_55_13_40_45_51_15_32_33_69_12_41_10_61_35_72_76_17_36_53_77_31_16_19_74_103_28_47_24_48_38_39_42_18_34_46_83_71_81_23_90_60_82_52_43_44_67_25_54_56_106_57_59_100_49_88_50_73_78_94_97_58_62_63_75_84_118_64_66_87_80_86_91_98_89_110_104_70_95_92_111_65_79_85_101_93_99_112_116_108_102_107_105_109_113_120_114_115_117_121_119_122
File_name;instances\j12010_10.sm;FileNr;2;Cycles;50000;PopulationSize;115;Fitness;68;Critical_path;66;Deviation;0.030303030303030304;UID;68_1_2_3_4_10_8_9_12_27_28_29_56_5_15_42_6_7_13_35_61_16_17_30_48_11_20_23_31_44_53_22_38_59_60_70_34_32_85_14_54_57_67_24_43_72_78_80_18_21_73_62_68_77_37_45_50_83_25_55_76_79_51_52_100_46_74_91_102_19_26_87_63_33_40_101_64_90_103_47_36_49_58_75_81_82_99_39_41_69_88_105_65_84_95_107_93_94_96_106_66_71_98_114_97_89_92_104_86_112_108_113_116_109_110_111_115_118_121_117_119_120_122
File_name;instances\j12010_2.sm;FileNr;3;Cycles;2028;PopulationSize;88;Fitness;91;Critical_path;91;Deviation;0.0;UID;91_1_2_3_4_14_17_49_57_9_10_22_54_5_6_11_12_18_34_40_21_23_7_8_16_15_20_35_41_43_59_29_37_60_25_27_31_33_19_30_48_56_63_39_45_55_86_93_47_64_68_77_13_72_80_82_36_95_28_38_42_101_32_66_118_24_44_58_61_79_90_70_74_46_52_81_26_62_53_69_73_75_76_84_87_83_89_96_51_67_103_78_107_65_91_94_97_98_110_99_102_105_50_108_106_117_71_85_112_113_100_104_88_109_115_92_111_114_116_121_120_119_122
File_name;instances\j12010_3.sm;FileNr;4;Cycles;50000;PopulationSize;217;Fitness;100;Critical_path;99;Deviation;0.010101010101010102;UID;100_1_2_3_4_6_11_80_7_33_5_20_59_14_51_8_9_16_23_43_70_19_21_66_29_44_82_10_12_32_17_86_37_50_27_42_34_46_15_22_25_28_65_73_45_36_54_96_13_18_41_55_75_30_31_88_26_68_40_24_56_69_63_35_39_48_49_76_78_53_61_57_81_87_74_79_38_72_83_90_97_106_58_60_62_89_92_102_67_84_85_98_107_94_104_64_93_112_105_77_100_71_114_47_95_91_110_99_113_52_101_115_103_111_116_108_109_117_120_121_118_119_122
File_name;instances\j12010_4.sm;FileNr;5;Cycles;50000;PopulationSize;168;Fitness;101;Critical_path;95;Deviation;0.06315789473684211;UID;101_1_2_3_4_5_6_34_31_32_7_13_27_29_35_44_72_8_9_28_37_40_57_75_61_67_100_95_73_78_45_65_68_10_14_30_11_19_54_71_12_24_33_76_15_20_47_70_38_17_50_16_18_21_22_53_63_25_26_36_60_79_39_43_81_107_41_69_82_85_59_97_80_46_49_52_56_64_93_86_23_42_48_83_88_87_51_77_62_91_94_58_84_55_74_90_96_66_101_89_108_109_110_92_104_98_99_105_111_112_103_114_106_115_102_116_113_117_118_119_121_120_122
File_name;instances\j12014_9.sm;FileNr;50;Cycles;50000;PopulationSize;189;Fitness;104;Critical_path;101;Deviation;0.0297029702970297;UID;104_1_2_3_4_13_23_31_22_56_5_11_34_92_7_80_6_32_9_42_37_39_99_46_10_14_33_17_15_49_40_44_26_12_18_28_8_41_52_88_19_43_51_57_65_47_60_71_75_87_54_77_20_27_66_86_21_105_91_93_25_59_64_58_78_63_29_50_36_67_85_100_30_70_73_90_45_16_24_68_81_115_61_69_53_72_74_83_94_35_48_108_38_55_104_76_62_89_95_106_79_82_114_84_98_101_102_107_113_117_96_103_97_112_111_116_109_110_118_119_120_121_122
File_name;instances\j12015_1.sm;FileNr;51;Cycles;50000;PopulationSize;181;Fitness;82;Critical_path;81;Deviation;0.012345679012345678;UID;82_1_2_3_4_5_6_24_7_11_9_46_51_17_23_56_94_13_60_39_12_14_31_25_71_10_26_27_54_79_18_34_63_15_45_53_91_68_29_32_40_80_20_44_48_49_99_8_43_36_33_61_66_74_28_55_75_85_16_35_47_76_106_52_100_59_72_82_22_57_64_81_19_21_30_37_90_101_42_65_69_38_58_105_67_78_50_62_86_107_84_96_70_103_118_88_73_87_119_104_77_93_98_41_110_111_89_109_92_114_95_102_115_83_108_112_113_97_116_117_121_120_122
File_name;instances\j12015_10.sm;FileNr;52;Cycles;33686;PopulationSize;171;Fitness;91;Critical_path;91;Deviation;0.0;UID;91_1_2_3_4_5_6_13_10_12_17_23_26_38_14_18_19_51_22_27_29_34_40_58_20_21_46_7_89_44_79_25_37_68_8_45_86_41_62_91_93_94_65_43_47_73_11_16_96_31_57_49_50_9_53_61_75_78_84_30_55_24_60_42_80_35_48_54_69_88_71_72_59_28_66_70_83_56_76_82_99_63_15_98_77_101_33_64_97_85_108_39_36_87_32_67_92_95_100_112_103_106_110_52_74_105_81_102_111_113_117_104_115_90_116_107_109_114_121_118_120_119_122
File_name;instances\j12015_2.sm;FileNr;53;Cycles;50000;PopulationSize;145;Fitness;86;Critical_path;75;Deviation;0.14666666666666667;UID;86_1_2_3_4_12_18_73_5_9_6_7_8_31_20_37_10_11_15_23_26_28_36_38_59_34_17_62_21_47_49_53_19_30_89_81_33_71_99_16_22_54_61_44_68_83_24_27_58_67_79_90_41_57_86_72_13_39_60_42_50_52_70_87_29_98_100_104_35_51_45_75_88_85_107_14_32_77_95_46_74_63_40_97_110_64_66_91_113_115_93_112_48_25_56_43_55_106_69_78_82_111_105_76_92_65_116_80_96_84_94_102_108_101_103_109_114_117_118_119_121_120_122
File_name;instances\j12019_9.sm;FileNr;100;Cycles;50000;PopulationSize;168;Fitness;98;Critical_path;75;Deviation;0.30666666666666664;UID;98_1_2_3_4_8_10_12_5_21_6_9_7_24_44_41_99_13_19_30_82_14_22_16_23_25_31_55_11_17_74_15_27_35_51_62_101_20_32_42_85_79_37_73_56_77_83_88_38_86_33_39_36_64_65_34_69_29_57_43_40_58_18_84_66_72_28_47_48_71_93_104_45_52_54_75_106_46_90_107_50_59_87_26_94_109_53_61_91_108_60_80_95_63_114_49_89_67_105_111_70_68_76_81_78_97_98_112_120_92_103_115_113_100_102_96_110_117_121_116_118_119_122
File_name;instances\j1201_1.sm;FileNr;101;Cycles;50000;PopulationSize;311;Fitness;117;Critical_path;99;Deviation;0.18181818181818182;UID;117_1_2_3_4_8_13_5_6_15_60_10_12_9_65_14_17_21_23_51_7_29_35_53_20_32_44_30_16_26_38_66_46_24_11_19_25_69_31_48_47_18_39_58_78_72_85_101_106_27_33_42_61_70_28_84_22_108_54_73_76_95_41_57_68_40_45_75_96_97_34_94_36_71_83_88_56_93_104_112_43_90_55_49_62_64_77_99_67_86_81_111_50_52_63_79_103_109_82_92_74_118_59_91_87_110_105_80_98_37_113_114_102_89_115_107_100_116_117_120_121_119_122
File_name;instances\j1201_10.sm;FileNr;102;Cycles;50000;PopulationSize;242;Fitness;116;Critical_path;89;Deviation;0.30337078651685395;UID;116_1_2_3_5_6_19_63_7_10_8_11_12_14_24_39_4_13_32_42_73_18_26_52_92_35_93_20_30_34_47_54_74_9_23_70_36_69_15_21_33_49_81_25_45_57_79_88_38_16_31_41_59_76_51_61_62_27_22_43_80_60_84_17_64_37_77_82_66_71_101_28_29_40_44_55_65_96_85_46_67_83_87_53_102_48_90_94_50_78_86_99_56_103_105_106_68_97_104_89_58_72_91_110_116_107_113_111_108_75_95_98_112_117_109_119_100_118_115_114_120_121_122
File_name;instances\j1201_2.sm;FileNr;103;Cycles;50000;PopulationSize;251;Fitness;124;Critical_path;86;Deviation;0.4418604651162791;UID;124_1_2_3_4_5_8_29_62_25_6_12_15_10_18_22_69_7_13_30_11_14_34_31_19_100_9_23_32_42_55_59_20_72_94_21_49_63_67_82_33_68_16_35_52_26_41_38_75_85_37_43_45_70_39_66_46_96_17_50_53_57_90_104_83_27_56_24_44_36_73_111_101_58_48_76_80_91_47_79_51_78_84_109_28_107_54_87_88_40_86_97_110_61_60_65_71_112_64_89_74_77_92_93_95_81_106_113_98_105_99_103_108_102_115_119_114_117_116_118_121_120_122
File_name;instances\j1201_3.sm;FileNr;104;Cycles;50000;PopulationSize;320;Fitness;133;Critical_path;82;Deviation;0.6219512195121951;UID;133_1_2_3_4_7_10_22_9_5_13_21_66_11_17_43_69_15_27_28_29_30_25_36_51_32_52_54_55_94_60_34_42_57_93_78_84_14_18_47_59_53_70_100_33_45_58_87_50_76_6_72_23_19_71_83_91_68_96_16_102_104_107_98_46_49_48_8_97_106_61_75_12_41_44_82_20_24_26_73_88_35_65_85_40_63_64_31_92_67_77_56_62_90_109_38_81_108_86_101_37_95_99_113_79_39_103_110_74_114_115_80_116_118_89_111_112_120_105_117_121_119_122
File_name;instances\j1201_4.sm;FileNr;105;Cycles;50000;PopulationSize;232;Fitness;106;Critical_path;79;Deviation;0.34177215189873417;UID;106_1_2_3_4_5_12_13_8_19_6_7_23_9_10_11_87_44_52_21_41_17_62_76_39_14_24_31_22_45_16_73_79_33_58_34_18_25_50_36_46_40_57_84_15_26_61_105_37_47_20_53_42_66_67_91_30_56_75_90_93_32_64_77_94_27_89_43_88_49_35_51_59_65_54_101_28_60_71_92_55_63_48_29_38_74_70_85_68_82_83_78_97_72_98_99_80_69_81_96_86_100_104_102_110_111_95_112_103_108_107_109_113_116_117_106_115_120_118_114_121_119_122
File_name;instances\j1201_5.sm;FileNr;106;Cycles;50000;PopulationSize;296;Fitness;126;Critical_path;94;Deviation;0.3404255319148936;UID;126_1_2_3_4_9_5_7_8_11_23_12_48_13_15_32_10_33_14_24_50_63_103_35_21_29_58_49_18_26_44_68_78_45_59_20_34_36_27_40_41_46_61_67_83_96_6_110_47_77_51_17_86_98_55_71_104_25_42_60_30_70_81_82_66_73_92_22_64_16_75_28_53_93_19_39_43_79_94_57_38_65_84_107_80_112_85_88_74_62_87_97_111_31_100_76_69_118_37_52_56_91_95_99_101_72_54_105_89_108_90_113_102_106_114_116_115_117_109_119_120_121_122
File_name;instances\j1201_6.sm;FileNr;107;Cycles;50000;PopulationSize;233;Fitness;92;Critical_path;65;Deviation;0.4153846153846154;UID;92_1_3_4_5_6_7_2_31_9_10_11_12_13_14_16_77_18_44_55_82_26_34_19_96_22_8_40_51_54_57_45_48_21_23_25_89_38_43_62_17_20_58_81_39_65_70_30_35_46_53_101_24_50_84_85_100_68_92_36_60_63_72_73_76_64_28_59_37_61_69_29_15_78_80_41_71_86_102_83_49_88_94_42_52_67_32_98_33_56_47_27_66_90_107_75_91_108_93_95_97_99_74_79_87_105_113_103_109_111_115_110_106_114_116_104_112_121_117_118_120_119_122
File_name;instances\j1201_7.sm;FileNr;108;Cycles;50000;PopulationSize;256;Fitness;126;Critical_path;98;Deviation;0.2857142857142857;UID;126_1_3_4_22_2_5_6_11_7_13_35_23_30_25_8_9_14_15_18_10_16_92_95_17_20_21_68_71_81_26_19_84_38_42_46_28_45_88_32_33_39_41_97_62_65_74_24_29_34_44_31_40_43_56_77_36_12_53_63_61_37_80_27_48_70_107_73_49_78_103_47_50_54_58_85_72_59_87_96_64_52_89_113_60_69_111_51_55_83_57_76_86_101_94_98_67_106_91_79_90_100_75_116_93_102_66_99_115_82_114_104_105_121_108_109_110_117_118_112_120_119_122
File_name;instances\j1201_8.sm;FileNr;109;Cycles;50000;PopulationSize;318;Fitness;122;Critical_path;85;Deviation;0.43529411764705883;UID;122_1_2_3_4_12_14_5_6_13_42_8_31_57_9_10_27_7_15_16_51_36_19_20_21_22_23_55_76_28_47_48_53_64_68_11_32_84_29_56_69_24_25_112_67_80_33_85_17_34_44_63_79_93_65_18_35_82_41_26_38_40_50_66_52_37_58_39_43_70_59_87_97_46_75_92_104_110_54_88_114_49_81_71_90_61_113_83_72_45_86_60_74_73_106_78_77_30_62_89_94_100_107_95_101_105_116_91_96_99_102_115_103_108_109_121_98_111_117_118_120_119_122
File_name;instances\j1201_9.sm;FileNr;110;Cycles;50000;PopulationSize;340;Fitness;129;Critical_path;89;Deviation;0.449438202247191;UID;129_1_2_3_4_8_11_12_40_9_15_5_7_27_50_10_18_25_59_42_64_21_52_6_77_80_13_20_22_31_45_48_14_30_54_56_17_87_26_29_67_72_75_78_102_36_16_34_79_94_65_37_114_33_39_41_35_19_53_55_23_28_76_38_46_74_82_91_24_61_81_47_49_58_89_66_95_44_32_57_100_63_83_51_103_96_43_93_70_68_84_71_62_85_97_88_69_86_60_90_108_73_110_98_92_99_117_104_101_105_109_119_107_111_106_112_115_113_120_116_118_121_122
File_name;instances\j12010_2.sm;FileNr;3;Cycles;2424;PopulationSize;90;Fitness;91;Critical_path;91;Deviation;0.0;UID;91_1_2_3_4_14_17_49_57_9_10_22_54_5_6_11_12_18_34_40_21_23_7_8_16_15_20_35_41_43_59_29_37_60_25_27_31_33_30_48_56_63_39_45_55_86_93_47_64_66_77_13_72_82_58_36_38_95_28_42_80_101_79_24_44_61_19_32_68_70_74_118_46_81_99_62_53_69_73_87_52_76_84_89_26_75_90_83_96_67_51_103_78_107_108_65_98_91_110_94_97_102_105_50_71_106_117_112_85_104_113_88_109_100_115_92_111_116_114_121_120_119_122
File_name;instances\j12010_1.sm;FileNr;1;Cycles;10936;PopulationSize;199;Fitness;111;Critical_path;111;Deviation;0.0;UID;111_1_2_3_4_7_9_21_14_20_5_8_26_30_37_68_13_22_11_27_40_45_6_29_55_12_41_51_15_32_69_10_61_35_72_76_17_31_36_47_53_77_96_16_19_103_39_24_48_74_81_34_71_18_38_42_46_58_83_52_82_33_106_43_44_67_23_25_54_56_57_28_59_78_49_88_73_97_101_62_75_84_94_118_60_50_63_87_64_91_66_90_80_86_98_85_89_110_95_70_100_65_79_92_111_93_112_99_102_104_108_105_107_109_113_116_114_115_120_117_121_119_122
File_name;instances\j12010_6.sm;FileNr;7;Cycles;80;PopulationSize;18;Fitness;92;Critical_path;92;Deviation;0.0;UID;92_1_2_3_4_15_26_5_10_23_34_72_19_32_53_55_82_25_29_33_41_44_54_31_63_66_75_6_7_8_73_13_12_91_9_11_14_17_27_46_22_16_45_49_83_18_28_20_30_36_61_67_24_39_37_40_50_51_59_65_92_21_35_38_68_86_42_43_103_47_57_69_71_87_60_77_64_70_78_93_76_79_88_98_81_56_58_52_74_80_94_89_48_90_105_62_96_108_111_107_95_99_109_85_101_100_116_97_106_113_114_84_110_102_104_117_112_118_120_115_121_119_122
File_name;instances\j12010_10.sm;FileNr;2;Cycles;50000;PopulationSize;126;Fitness;67;Critical_path;66;Deviation;0.015151515151515152;UID;67_1_2_3_4_10_22_8_9_12_25_27_28_29_56_5_15_42_6_7_13_35_61_16_17_30_11_20_23_31_44_14_38_48_60_76_32_50_85_70_54_59_67_78_45_43_72_68_101_21_24_34_37_53_73_18_62_87_103_55_57_65_52_47_46_51_74_77_80_91_19_26_100_33_41_64_40_58_63_79_81_82_83_95_99_102_39_71_88_36_49_75_84_69_98_107_114_92_93_94_106_96_66_90_89_105_86_97_112_104_109_108_116_113_110_115_118_111_121_117_119_120_122
File_name;instances\j12010_2.sm;FileNr;3;Cycles;5106;PopulationSize;97;Fitness;91;Critical_path;91;Deviation;0.0;UID;91_1_2_3_4_14_17_49_57_9_10_22_54_5_6_11_12_18_34_40_21_23_7_16_15_20_35_41_43_59_29_37_60_25_27_31_33_63_8_19_30_48_56_39_45_55_86_93_24_47_64_66_77_72_80_82_68_13_36_95_38_101_32_42_118_28_90_79_110_26_44_61_70_46_52_74_81_51_58_62_76_84_89_53_69_73_87_83_94_96_75_113_105_78_107_67_103_112_97_65_91_98_99_102_50_115_106_117_71_85_108_120_104_88_100_109_92_111_114_116_121_119_122
File_name;instances\j12010_1.sm;FileNr;1;Cycles;26744;PopulationSize;233;Fitness;111;Critical_path;111;Deviation;0.0;UID;111_1_2_3_4_7_96_9_21_14_20_5_8_27_26_37_68_30_13_29_11_45_51_6_55_22_41_12_40_15_33_10_61_32_69_17_36_28_39_47_83_35_72_19_76_82_53_74_77_81_31_24_48_52_106_90_25_38_42_60_23_46_88_78_43_67_16_44_54_56_62_57_59_94_100_49_58_87_66_73_50_63_75_18_34_65_71_70_84_80_86_98_91_97_64_85_89_101_110_95_103_104_111_92_93_112_116_118_79_99_108_102_113_107_109_120_105_114_115_117_121_119_122
File_name;instances\j12010_6.sm;FileNr;7;Cycles;42;PopulationSize;12;Fitness;92;Critical_path;92;Deviation;0.0;UID;92_1_2_3_4_15_26_5_10_23_34_72_19_32_53_55_82_25_29_33_41_44_54_31_63_66_75_6_7_8_73_13_12_91_9_11_14_17_27_46_22_51_16_49_83_18_28_20_30_36_45_61_67_39_37_38_40_65_92_21_35_24_68_80_86_42_43_103_77_47_69_87_59_64_70_78_52_76_88_50_81_56_58_84_93_94_57_71_79_48_60_90_105_62_85_96_98_111_74_89_108_95_99_101_100_97_106_113_110_107_109_104_115_116_102_112_114_118_121_117_120_119_122
File_name;instances\j12010_10.sm;FileNr;2;Cycles;50000;PopulationSize;113;Fitness;67;Critical_path;66;Deviation;0.015151515151515152;UID;67_1_2_3_4_10_22_8_9_12_25_27_28_29_56_5_15_42_6_7_13_35_61_16_17_30_11_20_23_31_44_14_38_48_53_59_60_32_37_50_85_47_54_57_67_101_24_43_72_18_78_21_55_73_62_87_34_33_45_68_70_76_52_65_74_69_19_26_91_46_51_100_40_80_39_64_77_103_36_49_82_95_99_58_75_83_88_63_41_71_81_84_79_98_107_105_66_92_102_93_89_94_96_97_106_114_86_104_112_90_109_110_108_115_116_111_118_113_117_121_119_120_122
File_name;instances\j12010_3.sm;FileNr;4;Cycles;50000;PopulationSize;226;Fitness;100;Critical_path;99;Deviation;0.010101010101010102;UID;100_1_2_3_4_6_11_80_14_33_5_20_59_7_51_29_44_8_9_16_66_70_19_21_96_82_10_12_32_43_17_23_42_86_27_46_88_34_37_50_65_15_22_25_28_36_73_13_18_38_41_55_45_75_30_31_54_35_40_89_24_56_69_48_68_76_39_49_63_81_53_83_57_61_87_78_60_72_97_106_58_74_79_90_67_92_107_26_71_98_102_64_93_94_104_84_77_62_112_85_99_47_95_114_91_113_100_105_103_111_52_101_115_116_109_108_110_118_117_120_121_119_122
File_name;instances\j12010_4.sm;FileNr;5;Cycles;50000;PopulationSize;165;Fitness;99;Critical_path;95;Deviation;0.042105263157894736;UID;99_1_2_3_4_5_6_34_31_32_7_13_27_29_35_44_72_67_8_9_37_40_57_75_28_61_100_73_78_45_65_68_10_14_30_95_11_19_41_71_54_12_24_15_17_38_47_70_76_20_50_26_16_18_21_22_33_36_63_25_60_51_43_56_81_107_39_52_69_59_97_42_93_62_82_48_49_79_85_86_53_23_46_80_87_94_64_83_88_74_84_91_55_98_58_77_90_66_89_104_92_101_109_111_99_103_96_105_108_110_106_112_114_115_102_113_116_117_118_121_119_120_122
File_name;instances\j12010_5.sm;FileNr;6;Cycles;50000;PopulationSize;200;Fitness;100;Critical_path;97;Deviation;0.030927835051546393;UID;100_1_2_3_4_10_23_25_8_9_11_14_16_28_37_33_42_24_30_53_5_19_40_20_64_71_6_59_7_17_21_39_50_18_60_13_22_27_31_49_62_83_82_15_26_54_58_12_35_41_29_32_96_97_57_68_36_38_51_52_77_48_34_70_44_46_87_43_75_89_45_47_79_80_67_86_100_55_98_84_95_61_66_81_90_76_101_56_73_104_69_120_72_85_88_65_74_78_112_91_63_94_105_109_106_92_103_113_111_121_99_93_102_114_110_115_107_108_116_118_117_119_122
File_name;instances\j12010_9.sm;FileNr;10;Cycles;10408;PopulationSize;97;Fitness;77;Critical_path;77;Deviation;0.0;UID;77_1_2_3_4_5_16_23_7_17_39_11_41_6_100_9_10_12_43_13_24_29_37_21_14_20_44_46_32_34_49_57_59_61_79_64_30_66_25_48_55_62_70_83_105_27_40_47_15_19_45_75_26_74_33_42_52_71_8_51_58_76_89_82_68_93_94_22_35_56_28_90_101_60_69_31_80_97_18_78_54_67_50_85_86_87_103_73_81_36_38_77_98_63_72_84_104_88_53_99_110_95_92_109_113_65_91_108_114_102_120_96_106_111_121_107_115_116_112_118_117_119_122
File_name;instances\j12010_7.sm;FileNr;8;Cycles;50000;PopulationSize;218;Fitness;86;Critical_path;79;Deviation;0.08860759493670886;UID;86_1_2_3_4_16_22_12_35_7_10_17_29_33_34_5_30_19_25_41_46_51_86_93_63_83_100_32_40_47_6_8_9_11_39_14_18_38_53_66_81_27_20_23_31_44_54_55_26_36_59_13_89_94_70_102_50_62_15_21_49_78_82_37_43_58_68_79_98_84_28_45_65_77_52_56_60_105_75_91_24_42_48_71_88_112_61_74_69_72_87_73_90_95_96_114_64_113_76_57_67_80_92_97_103_118_85_109_99_101_106_107_108_110_120_104_115_117_111_116_121_119_122
File_name;instances\j12010_8.sm;FileNr;9;Cycles;50000;PopulationSize;277;Fitness;116;Critical_path;114;Deviation;0.017543859649122806;UID;116_1_2_3_4_5_7_17_6_25_8_11_34_13_23_26_77_9_19_32_83_115_60_90_10_66_12_16_70_84_14_15_20_24_36_59_18_31_40_21_71_52_65_22_28_27_29_39_87_108_35_37_74_56_38_49_53_88_45_41_42_47_61_113_48_50_44_51_55_58_62_92_46_73_57_78_72_82_121_95_30_69_107_64_85_100_54_75_79_33_43_67_91_81_80_103_86_105_93_98_109_94_112_99_63_106_114_89_116_97_68_76_96_101_102_117_111_118_104_110_119_120_122
File_name;instances\j12011_2.sm;FileNr;13;Cycles;50000;PopulationSize;277;Fitness;180;Critical_path;78;Deviation;1.3076923076923077;UID;180_1_2_3_13_24_44_32_4_35_17_72_28_70_86_58_78_79_5_45_69_74_82_62_42_6_29_51_9_68_7_15_33_40_73_43_55_67_97_27_41_91_8_12_36_19_20_21_38_10_25_26_37_39_50_76_30_102_71_85_16_46_57_90_60_49_59_80_96_101_18_52_22_87_11_14_64_23_54_56_92_31_63_47_34_65_108_53_66_112_48_77_94_106_61_83_98_75_89_100_103_95_104_81_84_99_115_88_93_111_107_116_110_105_119_114_113_117_118_109_120_121_122
File_name;instances\j12011_1.sm;FileNr;11;Cycles;50000;PopulationSize;330;Fitness;197;Critical_path;90;Deviation;1.1888888888888889;UID;197_1_2_3_5_6_15_7_18_25_20_14_26_24_39_64_17_37_48_29_11_46_27_68_23_9_33_42_4_16_36_51_62_21_31_92_10_50_59_8_22_40_83_34_65_74_104_19_43_71_100_47_49_63_78_12_30_44_79_54_56_67_85_45_61_75_89_76_69_106_81_86_70_82_32_77_90_84_96_55_66_41_105_98_109_111_60_72_103_94_97_13_88_113_112_28_73_38_102_107_101_53_80_35_108_91_52_57_93_58_99_87_95_116_110_117_115_114_120_118_121_119_122
File_name;instances\j12011_10.sm;FileNr;12;Cycles;50000;PopulationSize;300;Fitness;216;Critical_path;90;Deviation;1.4;UID;216_1_2_4_16_6_18_36_90_8_3_54_13_24_75_10_25_51_21_30_31_19_41_57_7_84_68_74_14_28_44_47_12_20_93_26_73_50_29_37_69_45_15_33_52_59_61_95_5_64_106_48_34_49_55_66_17_82_63_23_70_71_40_85_39_83_99_78_87_11_27_67_88_80_96_35_62_107_89_101_38_58_9_22_104_56_111_32_92_110_42_46_60_43_53_102_65_77_79_91_105_86_94_114_116_76_120_97_109_72_117_98_103_81_118_108_112_113_100_115_121_119_122
File_name;instances\j12011_4.sm;FileNr;15;Cycles;50000;PopulationSize;336;Fitness;224;Critical_path;96;Deviation;1.3333333333333333;UID;224_1_2_3_9_6_10_5_14_22_17_23_18_61_12_42_7_16_53_24_65_71_11_67_75_40_68_99_28_30_27_50_13_21_48_77_84_46_96_20_31_15_33_41_4_97_36_81_54_8_73_26_51_55_47_62_37_25_92_49_86_63_78_56_19_29_60_35_34_70_69_87_94_38_39_52_32_43_76_59_74_57_79_45_44_85_101_91_83_82_58_64_72_105_107_100_103_80_90_93_108_88_95_106_89_110_109_98_66_104_113_111_119_102_114_116_112_118_115_117_121_120_122
File_name;instances\j12011_3.sm;FileNr;14;Cycles;50000;PopulationSize;336;Fitness;238;Critical_path;93;Deviation;1.5591397849462365;UID;238_1_2_3_4_16_30_7_14_5_15_9_13_19_24_42_54_23_26_79_84_75_35_44_39_87_6_59_58_22_38_50_8_48_47_103_10_29_71_98_27_41_55_96_37_18_92_25_36_99_12_20_32_17_43_46_11_28_53_94_21_67_70_68_45_61_34_80_62_66_52_40_97_51_65_105_56_60_101_108_83_100_49_85_31_63_102_88_89_33_78_76_90_72_77_82_93_57_74_81_69_106_104_95_109_64_86_107_111_112_116_73_110_118_113_117_114_91_115_119_120_121_122
File_name;instances\j12011_7.sm;FileNr;18;Cycles;50000;PopulationSize;302;Fitness;191;Critical_path;82;Deviation;1.329268292682927;UID;191_1_3_4_2_9_6_7_8_10_73_13_14_19_15_11_20_21_16_12_24_44_65_23_28_17_87_35_18_31_85_25_43_36_48_49_90_42_51_50_94_5_56_66_78_92_32_38_101_98_34_91_41_63_40_103_47_62_22_69_82_33_84_45_37_77_59_71_79_26_61_68_58_96_57_30_53_112_81_75_80_55_60_64_27_107_83_46_108_54_114_67_29_72_88_105_39_76_102_52_93_74_70_104_89_111_86_95_97_106_110_118_109_115_116_117_99_100_119_113_120_121_122
File_name;instances\j12011_8.sm;FileNr;19;Cycles;50000;PopulationSize;278;Fitness;186;Critical_path;95;Deviation;0.9578947368421052;UID;186_1_2_3_4_6_39_11_5_7_8_13_10_49_57_12_15_36_50_74_16_17_66_19_26_92_113_20_24_51_67_80_56_34_60_69_79_38_82_21_41_14_30_22_31_18_42_46_75_59_9_58_90_35_97_23_63_27_55_64_78_53_43_68_83_71_40_29_33_65_86_101_81_70_98_37_25_28_72_104_89_47_44_52_88_76_45_77_48_110_108_32_62_107_116_73_54_85_91_93_96_87_95_99_120_84_106_112_102_61_94_118_103_105_100_109_114_115_111_119_117_121_122
File_name;instances\j12011_5.sm;FileNr;16;Cycles;50000;PopulationSize;390;Fitness;249;Critical_path;97;Deviation;1.5670103092783505;UID;249_1_2_4_5_8_3_25_6_9_19_80_11_10_7_18_33_68_12_13_42_29_15_39_54_24_16_46_17_85_61_26_31_66_14_36_20_41_77_27_58_86_92_22_44_94_104_28_59_106_45_43_23_50_51_35_111_21_76_49_30_52_74_34_100_72_93_56_64_32_38_63_75_53_67_40_55_102_65_87_90_95_57_73_48_37_107_47_60_82_121_62_83_99_69_108_70_84_110_88_71_78_81_96_97_114_79_98_103_118_120_89_112_91_113_105_101_116_115_109_117_119_122
File_name;instances\j12011_9.sm;FileNr;20;Cycles;50000;PopulationSize;350;Fitness;199;Critical_path;76;Deviation;1.618421052631579;UID;199_1_3_4_49_11_2_10_73_12_57_8_24_16_27_5_103_25_28_38_47_60_39_40_53_32_54_83_7_95_61_62_76_19_13_21_98_41_65_15_18_34_108_22_92_20_64_30_46_44_94_42_52_70_6_50_67_66_23_43_101_51_33_37_69_72_75_77_31_89_55_78_9_36_45_81_84_86_91_48_58_71_88_93_97_14_107_104_17_79_63_100_26_111_80_29_74_56_90_82_59_68_35_96_99_106_110_85_87_112_109_113_115_105_114_117_116_102_118_119_120_121_122
File_name;instances\j12011_6.sm;FileNr;17;Cycles;50000;PopulationSize;399;Fitness;250;Critical_path;91;Deviation;1.7472527472527473;UID;250_1_2_3_4_39_7_16_13_37_38_11_26_23_46_34_8_14_48_32_20_29_54_17_66_27_5_67_25_55_31_45_72_43_50_9_57_74_62_18_6_10_22_79_15_19_69_51_80_41_30_60_40_85_88_111_61_35_113_93_94_36_89_102_53_76_12_86_21_42_59_33_68_82_24_28_56_49_47_63_91_97_44_73_75_77_64_92_58_65_101_52_81_71_90_95_98_70_83_103_112_78_87_105_84_106_107_99_100_121_96_109_108_104_110_114_117_115_118_116_119_120_122
File_name;instances\j12012_2.sm;FileNr;23;Cycles;50000;PopulationSize;225;Fitness;128;Critical_path;72;Deviation;0.7777777777777778;UID;128_1_2_3_4_20_74_5_6_7_28_10_13_14_15_63_11_22_27_32_39_45_26_47_60_96_50_37_17_48_57_24_43_66_44_56_77_8_72_94_61_86_35_49_53_9_18_52_58_64_33_54_71_76_59_67_79_38_29_41_95_30_42_107_68_78_98_112_19_62_83_92_21_75_85_12_46_100_40_25_114_82_34_51_73_16_89_69_23_36_65_70_81_91_97_104_31_109_80_84_87_115_105_88_93_113_99_103_106_108_101_55_120_116_90_110_111_118_102_119_117_121_122
File_name;instances\j12012_4.sm;FileNr;25;Cycles;50000;PopulationSize;222;Fitness;144;Critical_path;94;Deviation;0.5319148936170213;UID;144_1_2_3_4_6_7_13_23_5_8_12_17_47_18_19_20_25_10_93_63_9_49_54_98_104_40_30_32_56_16_26_33_41_29_43_28_62_37_21_31_34_44_95_55_64_66_11_71_59_14_38_86_42_15_82_113_36_69_50_68_35_83_88_24_39_87_90_22_46_105_57_77_60_67_99_79_51_80_114_73_61_96_58_74_72_103_76_102_84_85_65_45_70_78_116_53_100_48_91_94_106_27_52_97_75_92_81_107_101_89_109_117_108_110_111_112_118_120_121_115_119_122
File_name;instances\j12012_3.sm;FileNr;24;Cycles;50000;PopulationSize;254;Fitness;152;Critical_path;84;Deviation;0.8095238095238095;UID;152_1_2_3_4_6_23_19_11_77_86_5_10_21_51_65_80_34_83_7_9_12_8_22_27_92_32_13_41_18_28_31_37_39_17_49_55_56_43_61_78_44_46_54_14_59_16_69_76_25_20_57_42_24_68_26_84_30_73_67_74_104_33_45_71_91_66_15_48_47_58_63_115_35_79_29_72_93_38_81_89_40_82_90_53_64_99_105_94_111_36_75_96_70_101_100_102_97_120_52_62_50_95_110_85_87_98_107_60_103_109_88_106_108_112_116_114_117_118_113_119_121_122
File_name;instances\j12012_10.sm;FileNr;22;Cycles;50000;PopulationSize;259;Fitness;158;Critical_path;84;Deviation;0.8809523809523809;UID;158_1_2_3_4_5_6_10_14_31_7_12_15_9_37_61_11_8_26_43_44_58_20_17_36_66_89_76_32_63_35_16_19_22_64_13_21_49_50_69_103_42_54_28_38_67_68_48_51_53_18_72_34_74_23_78_92_46_91_40_25_24_33_52_27_30_56_45_39_59_99_71_85_62_29_81_47_87_80_82_101_70_93_104_100_108_60_109_73_57_55_65_94_113_112_88_102_77_111_75_114_83_86_95_41_79_90_105_106_107_84_96_97_116_98_110_115_118_120_121_117_119_122
File_name;instances\j12012_1.sm;FileNr;21;Cycles;50000;PopulationSize;293;Fitness;152;Critical_path;94;Deviation;0.6170212765957447;UID;152_1_2_3_4_5_12_38_7_14_52_15_57_28_33_68_19_6_96_8_9_39_47_13_65_10_48_50_11_17_85_41_30_67_79_31_21_76_92_16_27_24_22_23_25_40_72_37_69_20_34_56_59_42_35_87_51_53_77_44_82_36_83_26_43_49_29_55_58_45_78_32_70_93_74_88_100_54_102_71_18_89_116_46_66_73_64_61_97_63_86_106_108_60_62_75_80_112_81_91_94_84_99_98_103_118_90_110_101_104_105_107_109_95_114_117_111_113_115_121_119_120_122
File_name;instances\j12012_9.sm;FileNr;30;Cycles;50000;PopulationSize;188;Fitness;120;Critical_path;77;Deviation;0.5584415584415584;UID;120_1_2_3_4_7_8_11_49_5_25_6_18_9_85_14_16_13_47_12_10_27_32_42_22_44_46_76_29_19_40_24_60_26_39_23_43_74_83_31_51_99_71_57_84_17_48_38_81_82_88_15_33_72_80_36_89_91_20_104_34_54_41_97_28_67_52_69_37_64_30_65_102_86_106_55_66_63_50_45_75_90_21_93_94_56_101_59_70_61_62_73_35_77_79_110_53_96_68_103_105_95_58_78_98_87_92_100_109_108_107_112_115_113_118_114_111_117_119_116_120_121_122
File_name;instances\j12012_8.sm;FileNr;29;Cycles;50000;PopulationSize;190;Fitness;133;Critical_path;72;Deviation;0.8472222222222222;UID;133_1_2_3_4_5_12_19_6_8_22_16_24_38_9_41_42_13_26_55_31_30_33_46_21_64_65_27_18_28_37_59_44_68_35_51_67_45_10_39_62_29_77_48_88_47_78_96_15_32_58_14_52_7_20_57_81_71_74_36_11_66_70_72_103_34_49_75_50_54_17_73_63_76_82_60_61_86_85_80_101_69_23_83_107_25_40_97_104_43_79_90_93_53_92_106_87_115_56_89_98_100_110_94_111_114_91_84_99_102_95_112_109_108_105_117_121_116_113_118_119_120_122
File_name;instances\j12012_7.sm;FileNr;28;Cycles;50000;PopulationSize;337;Fitness;131;Critical_path;83;Deviation;0.5783132530120482;UID;131_1_2_3_4_21_32_5_27_28_38_41_60_11_58_69_75_6_8_13_53_7_17_98_9_19_81_18_65_33_97_14_23_72_47_62_43_10_25_30_22_29_34_12_37_49_26_52_55_96_50_90_24_31_61_73_68_63_82_20_66_16_89_40_46_88_57_100_45_56_86_15_36_76_112_105_94_95_42_54_70_71_84_103_35_48_108_59_93_64_67_99_39_101_77_91_80_83_111_78_92_109_51_74_44_104_79_87_102_107_106_110_113_85_114_115_116_117_118_120_119_121_122
File_name;instances\j12012_6.sm;FileNr;27;Cycles;50000;PopulationSize;239;Fitness;138;Critical_path;82;Deviation;0.6829268292682927;UID;138_1_2_3_6_8_7_11_17_10_30_20_25_22_26_13_15_42_101_19_53_94_4_23_28_41_88_18_73_9_38_60_5_24_36_46_14_31_51_16_48_37_33_35_59_58_86_27_32_52_63_75_12_43_78_83_95_55_66_97_29_68_44_64_89_91_65_70_50_34_76_90_96_72_80_21_61_71_82_67_79_62_74_49_108_84_87_39_54_77_99_40_57_92_93_109_114_100_81_85_102_45_69_98_103_105_56_104_106_110_112_47_111_113_115_116_117_107_118_120_121_119_122
File_name;instances\j12012_5.sm;FileNr;26;Cycles;50000;PopulationSize;295;Fitness;182;Critical_path;98;Deviation;0.8571428571428571;UID;182_1_2_4_3_9_10_65_18_22_7_8_110_5_13_12_40_79_28_19_24_11_23_27_36_41_105_15_35_58_85_48_61_17_72_91_26_25_30_67_37_59_49_73_45_14_68_31_38_6_60_97_50_54_64_57_80_29_84_62_71_66_82_43_53_81_90_95_98_21_74_86_69_106_63_70_16_46_93_83_52_88_112_102_33_51_76_92_113_32_56_34_44_117_39_47_77_75_115_20_55_107_108_42_87_118_101_111_89_96_109_78_103_114_94_99_100_116_120_104_121_119_122
File_name;instances\j12013_2.sm;FileNr;33;Cycles;50000;PopulationSize;160;Fitness;97;Critical_path;72;Deviation;0.3472222222222222;UID;97_1_2_3_4_6_12_7_15_16_22_13_19_33_34_8_20_23_35_37_54_73_10_24_47_51_83_43_84_57_50_21_62_69_87_64_25_36_58_18_11_82_5_49_14_81_79_44_38_52_89_40_42_55_30_41_66_68_99_110_46_56_48_78_17_29_86_61_59_60_77_85_65_72_70_76_27_67_9_32_63_98_93_74_90_96_71_91_26_53_31_102_92_114_28_97_106_45_80_94_88_118_100_104_101_75_109_103_95_105_107_108_113_115_39_111_116_117_120_112_121_119_122
File_name;instances\j12013_10.sm;FileNr;32;Cycles;50000;PopulationSize;146;Fitness;106;Critical_path;78;Deviation;0.358974358974359;UID;106_1_2_3_4_6_7_8_23_25_5_16_40_12_42_45_48_9_11_58_15_26_28_68_73_10_49_20_31_92_29_57_106_60_69_13_27_33_46_54_21_35_75_30_32_14_17_18_55_22_43_56_77_51_72_79_83_80_65_39_47_64_76_61_71_52_19_66_91_63_93_50_81_78_82_97_70_84_74_90_113_37_59_36_34_87_95_24_88_38_62_86_89_41_99_100_101_103_67_105_107_53_121_44_98_108_85_110_111_96_109_94_117_104_102_112_115_116_114_118_119_120_122
File_name;instances\j12013_4.sm;FileNr;35;Cycles;50000;PopulationSize;228;Fitness;125;Critical_path;88;Deviation;0.42045454545454547;UID;125_1_2_3_4_14_28_44_81_13_6_24_40_5_11_17_88_33_45_8_19_46_89_48_9_29_30_51_7_79_10_12_16_83_23_26_27_57_15_36_38_42_50_70_22_72_77_56_41_66_90_18_31_91_32_58_104_20_37_49_67_25_39_61_71_84_99_47_115_34_86_52_98_21_69_35_60_63_68_73_54_87_43_65_55_53_92_107_59_80_62_74_75_76_100_64_78_85_110_103_94_96_108_95_105_93_97_109_82_102_106_112_101_111_113_117_114_118_116_120_121_119_122
File_name;instances\j12013_3.sm;FileNr;34;Cycles;50000;PopulationSize;282;Fitness;134;Critical_path;106;Deviation;0.2641509433962264;UID;134_1_2_3_4_8_24_7_11_5_12_21_32_48_69_89_20_28_17_6_13_15_16_55_22_60_18_33_66_51_73_9_57_14_19_26_54_31_37_10_30_64_79_35_23_29_42_50_36_44_61_47_92_41_56_75_27_81_80_68_103_38_49_59_109_39_25_74_83_63_43_96_82_88_40_45_84_46_87_99_62_94_52_85_93_34_106_76_58_67_102_71_72_78_86_77_104_107_100_110_97_65_101_70_53_90_108_111_105_112_91_113_114_95_115_121_98_117_116_118_120_119_122
File_name;instances\j12013_1.sm;FileNr;31;Cycles;50000;PopulationSize;216;Fitness;139;Critical_path;121;Deviation;0.1487603305785124;UID;139_1_2_3_4_19_5_20_23_35_55_6_7_9_58_70_11_32_12_88_73_10_13_16_52_109_14_21_25_17_26_42_15_31_39_41_74_75_24_43_46_59_53_56_68_38_22_54_45_64_47_49_94_30_79_69_80_27_29_33_81_82_37_40_51_18_60_48_71_50_91_36_61_93_65_34_66_104_62_83_78_85_86_111_57_72_8_87_63_110_92_101_89_98_114_44_76_97_100_77_90_95_28_103_112_84_106_96_105_108_67_102_107_117_99_113_121_115_118_116_119_120_122
File_name;instances\j12013_5.sm;FileNr;36;Cycles;50000;PopulationSize;203;Fitness;104;Critical_path;79;Deviation;0.31645569620253167;UID;104_1_2_3_4_6_46_5_8_65_19_7_12_42_13_88_89_10_11_14_9_27_15_29_31_41_33_24_25_55_72_52_61_95_99_54_81_96_101_16_32_22_84_71_107_17_23_78_110_86_21_64_20_35_43_60_73_50_28_44_18_38_49_76_94_68_75_36_37_48_53_63_77_100_40_70_51_79_39_67_26_45_47_59_87_82_80_69_85_56_30_83_91_102_105_58_90_74_106_93_109_108_112_92_97_62_113_111_34_104_57_98_66_103_118_114_115_116_117_119_121_120_122
File_name;instances\j12013_6.sm;FileNr;37;Cycles;50000;PopulationSize;225;Fitness;115;Critical_path;86;Deviation;0.3372093023255814;UID;115_1_2_3_6_30_34_4_7_8_17_58_38_9_16_22_10_67_11_18_21_23_28_37_53_13_25_66_49_59_15_36_56_33_57_24_72_31_5_39_54_12_35_41_26_82_46_61_65_73_63_19_75_80_83_27_45_44_86_29_48_74_78_88_68_14_50_20_89_101_106_95_102_108_40_42_93_110_62_69_47_70_81_84_55_77_32_52_51_71_91_43_100_60_96_64_90_79_98_112_76_118_103_104_92_94_111_117_85_99_109_113_105_87_97_114_119_115_120_107_116_121_122
File_name;instances\j12013_8.sm;FileNr;39;Cycles;50000;PopulationSize;258;Fitness;106;Critical_path;87;Deviation;0.21839080459770116;UID;106_1_2_3_4_5_9_21_6_10_24_7_8_11_12_87_17_27_31_15_13_18_56_20_39_48_74_38_28_29_76_26_37_22_55_69_41_46_94_16_30_32_62_47_52_44_51_35_45_58_73_36_49_91_60_61_54_19_33_70_50_77_57_64_72_78_34_40_23_75_80_63_67_95_84_107_59_83_89_81_43_71_65_108_53_99_14_86_90_92_97_121_42_101_82_102_110_68_79_85_93_25_66_116_103_88_100_118_96_106_98_104_111_114_105_112_109_119_113_115_117_120_122
File_name;instances\j12013_9.sm;FileNr;40;Cycles;50000;PopulationSize;221;Fitness;94;Critical_path;77;Deviation;0.22077922077922077;UID;94_1_2_3_4_5_6_8_15_16_9_10_26_46_29_30_20_34_43_56_11_36_65_75_59_52_25_55_7_53_60_72_74_12_14_28_37_78_17_22_66_35_38_79_83_18_39_13_54_69_40_103_49_67_21_44_19_50_57_96_42_88_23_64_70_80_33_47_51_97_85_102_27_31_62_89_24_86_91_73_108_61_105_110_94_77_92_48_32_63_68_76_98_107_45_84_90_100_71_81_99_104_113_58_82_87_41_93_95_111_115_118_106_109_101_116_121_114_112_117_119_120_122
File_name;instances\j12013_7.sm;FileNr;38;Cycles;50000;PopulationSize;243;Fitness;121;Critical_path;105;Deviation;0.1523809523809524;UID;121_1_2_3_4_8_12_13_5_6_15_16_14_18_89_111_27_7_26_29_38_45_53_10_20_36_9_30_44_82_25_60_34_19_79_21_48_42_57_68_69_40_28_58_62_24_50_73_23_35_56_43_49_32_67_61_64_88_11_17_33_86_91_31_98_51_52_66_75_41_47_54_65_72_22_103_63_59_39_77_92_112_70_74_84_96_76_37_81_55_71_100_85_94_87_95_105_46_78_93_83_99_102_80_90_106_101_108_97_104_107_109_110_115_114_113_116_118_117_120_121_119_122
File_name;instances\j12014_1.sm;FileNr;41;Cycles;50000;PopulationSize;161;Fitness;93;Critical_path;81;Deviation;0.14814814814814814;UID;93_1_2_3_4_10_19_48_27_30_20_5_6_8_12_40_77_7_11_14_16_44_50_31_42_43_60_85_13_55_86_25_33_35_66_15_46_64_63_90_17_21_23_61_18_74_51_58_59_38_52_54_24_56_9_32_57_69_26_29_39_53_73_83_36_94_45_88_110_28_41_82_89_70_49_62_68_71_22_65_95_67_72_79_34_106_99_75_78_109_47_80_92_101_37_93_81_84_91_96_97_102_107_87_98_100_111_76_112_113_115_104_108_116_103_117_105_114_118_119_120_121_122
File_name;instances\j12014_10.sm;FileNr;42;Cycles;50000;PopulationSize;170;Fitness;87;Critical_path;80;Deviation;0.0875;UID;87_1_2_3_4_6_44_5_7_29_9_19_28_43_45_8_11_21_48_10_13_56_65_14_20_47_17_22_41_69_106_16_25_90_107_75_78_23_24_40_12_26_18_30_50_51_62_92_15_35_27_66_38_60_33_46_36_59_64_42_81_39_68_79_85_49_84_52_54_31_32_93_34_37_55_57_67_76_87_53_70_73_74_77_80_115_58_86_101_114_61_71_72_82_103_105_63_88_83_94_96_91_89_99_111_98_109_95_113_97_100_110_104_102_108_112_116_117_119_118_120_121_122
File_name;instances\j12014_3.sm;FileNr;44;Cycles;50000;PopulationSize;167;Fitness;97;Critical_path;88;Deviation;0.10227272727272728;UID;97_1_2_3_4_9_21_28_5_12_18_22_30_48_63_10_16_17_54_67_41_71_11_35_59_105_40_6_19_32_8_43_7_15_45_68_39_14_23_25_76_26_36_84_20_24_34_56_49_83_62_29_42_47_64_66_69_81_37_46_27_53_89_33_50_92_13_99_55_70_44_65_57_31_51_61_73_60_78_88_77_85_52_38_86_75_93_102_74_101_82_58_72_79_94_109_97_90_95_100_104_87_91_103_108_111_80_98_96_107_120_106_110_112_113_115_114_118_116_117_121_119_122
File_name;instances\j12014_2.sm;FileNr;43;Cycles;50000;PopulationSize;187;Fitness;103;Critical_path;86;Deviation;0.19767441860465115;UID;103_1_2_3_4_5_6_51_26_9_69_7_21_30_8_10_15_57_78_12_13_18_14_38_73_75_19_23_24_25_27_28_53_20_40_33_35_90_48_31_60_71_98_89_16_62_11_22_82_103_32_44_50_36_109_45_49_37_85_55_68_115_17_64_47_34_52_65_41_61_67_76_84_106_42_66_39_77_72_29_54_88_43_63_56_79_58_92_101_70_87_94_59_80_93_105_46_107_74_99_83_91_100_96_110_86_95_97_102_81_114_113_116_104_111_108_112_117_118_120_121_119_122
File_name;instances\j12014_4.sm;FileNr;45;Cycles;50000;PopulationSize;210;Fitness;102;Critical_path;85;Deviation;0.2;UID;102_1_2_3_7_9_46_6_8_17_21_30_16_24_5_14_20_49_51_92_27_10_80_18_19_22_36_38_39_40_50_4_11_61_54_47_72_32_23_65_108_52_67_66_29_63_69_28_31_64_70_71_73_85_37_13_75_93_26_55_12_42_56_81_68_83_15_33_44_84_74_34_62_79_104_107_35_41_25_53_59_110_45_86_57_88_116_43_82_58_94_98_89_109_48_95_105_76_78_101_77_91_60_96_100_90_111_121_87_97_102_113_99_112_115_103_114_106_118_120_117_119_122
File_name;instances\j12014_5.sm;FileNr;46;Cycles;50000;PopulationSize;237;Fitness;109;Critical_path;90;Deviation;0.2111111111111111;UID;109_1_2_3_4_16_18_20_24_37_6_7_5_8_10_26_13_32_9_21_38_83_73_25_33_11_15_29_30_41_75_40_98_12_23_62_19_51_42_52_56_54_59_60_14_17_65_68_76_47_72_36_39_69_22_28_27_45_74_35_44_53_55_58_31_48_91_61_95_105_81_104_78_103_57_50_79_115_49_64_67_80_112_107_43_70_85_82_77_87_100_88_46_66_93_108_34_63_86_92_96_102_71_89_94_110_90_106_116_109_99_111_84_97_101_114_113_117_118_120_119_121_122
File_name;instances\j12014_6.sm;FileNr;47;Cycles;50000;PopulationSize;198;Fitness;95;Critical_path;91;Deviation;0.04395604395604396;UID;95_1_2_3_4_6_8_23_42_85_5_9_10_11_7_12_15_18_17_16_19_13_27_29_30_22_24_62_21_60_14_25_57_71_32_35_20_34_38_26_43_68_81_65_52_105_28_46_48_74_95_50_61_67_36_47_82_114_33_54_49_59_77_80_63_66_79_96_111_56_39_69_88_76_51_101_37_45_64_72_84_78_87_98_31_40_70_83_86_75_53_90_110_41_100_89_91_94_97_44_107_102_73_104_92_99_118_55_93_113_115_106_112_103_108_117_58_116_109_121_119_120_122
File_name;instances\j12014_7.sm;FileNr;48;Cycles;50000;PopulationSize;190;Fitness;99;Critical_path;89;Deviation;0.11235955056179775;UID;99_1_2_3_4_5_9_92_8_16_26_11_15_7_17_37_51_6_19_32_40_67_74_31_29_33_43_61_62_46_18_22_73_35_65_76_10_23_47_39_30_58_86_36_54_85_56_75_20_27_48_84_13_28_89_12_42_71_21_41_69_70_79_34_64_14_99_38_44_55_57_102_45_59_25_91_101_60_96_50_63_77_106_107_80_117_66_81_52_78_83_94_95_109_68_97_72_88_90_49_103_24_100_110_53_87_93_104_108_111_98_82_112_114_113_105_115_116_120_118_119_121_122
File_name;instances\j12014_9.sm;FileNr;50;Cycles;50000;PopulationSize;213;Fitness;104;Critical_path;101;Deviation;0.0297029702970297;UID;104_1_2_3_4_13_31_22_56_5_11_23_34_92_6_7_21_32_9_42_39_99_8_37_10_14_17_33_46_49_44_60_88_80_15_18_28_86_41_52_12_43_87_19_75_93_77_29_40_47_65_26_51_100_20_54_57_66_27_90_91_64_71_85_25_50_59_63_78_105_30_36_67_104_16_24_45_70_68_83_115_69_73_61_72_81_106_108_35_48_58_94_97_38_55_74_76_53_62_89_95_82_114_98_79_84_107_101_102_113_117_103_111_112_96_116_110_109_118_120_119_121_122
File_name;instances\j12014_8.sm;FileNr;49;Cycles;50000;PopulationSize;189;Fitness;128;Critical_path;101;Deviation;0.26732673267326734;UID;128_1_2_3_4_26_63_33_7_58_5_25_28_71_78_8_31_32_45_22_72_6_77_11_14_10_48_15_107_12_13_19_40_20_34_21_23_98_17_52_74_61_89_81_43_76_53_88_27_82_24_9_37_47_30_39_80_38_16_79_110_55_62_113_42_70_90_109_18_60_46_59_68_83_29_94_41_64_35_91_84_92_36_101_51_54_87_96_75_95_65_93_44_85_99_66_50_104_67_73_57_97_115_49_56_105_106_69_119_102_112_103_108_111_100_114_118_86_117_116_120_121_122
File_name;instances\j12015_10.sm;FileNr;52;Cycles;33148;PopulationSize;189;Fitness;91;Critical_path;91;Deviation;0.0;UID;91_1_2_4_5_6_13_8_10_12_17_26_38_14_58_19_23_51_7_22_34_40_46_18_20_3_29_79_89_25_37_68_21_45_86_94_27_11_62_93_43_65_47_53_44_60_91_9_16_55_96_57_49_50_15_78_80_41_31_69_42_73_28_30_35_54_48_88_59_67_71_72_75_83_103_56_63_32_76_84_24_33_39_98_95_36_77_52_64_85_97_82_108_111_66_70_99_81_92_112_61_100_104_74_113_87_110_90_101_107_102_116_114_106_105_121_115_109_117_118_120_119_122
File_name;instances\j12015_5.sm;FileNr;56;Cycles;858;PopulationSize;73;Fitness;87;Critical_path;87;Deviation;0.0;UID;87_1_2_3_4_7_9_26_5_6_10_14_16_21_11_12_17_34_18_64_19_24_78_87_28_65_22_35_41_45_66_15_29_31_54_112_8_33_42_82_36_52_20_27_71_30_38_46_57_69_85_23_37_43_72_77_53_74_61_73_88_102_39_40_47_58_68_81_76_32_92_119_80_84_13_50_79_70_83_111_55_56_60_67_48_51_25_91_100_106_97_44_101_104_62_86_95_59_96_75_90_113_49_108_94_63_99_103_89_93_105_107_98_118_109_115_117_114_110_120_116_121_122
File_name;instances\j12015_2.sm;FileNr;53;Cycles;50000;PopulationSize;149;Fitness;82;Critical_path;75;Deviation;0.09333333333333334;UID;82_1_2_3_4_12_18_73_5_9_13_34_6_7_8_31_20_37_10_15_23_26_28_36_59_72_38_14_17_21_42_47_49_19_30_89_33_81_22_53_99_11_16_54_95_44_68_83_24_27_35_58_63_90_39_57_113_75_45_50_52_104_41_60_71_98_29_77_40_69_70_79_62_107_25_32_46_110_48_74_97_88_91_51_61_66_67_43_78_106_86_87_112_55_85_93_82_111_56_64_105_76_100_116_65_80_84_102_92_108_94_109_114_96_103_115_117_101_118_119_120_121_122
File_name;instances\j12015_3.sm;FileNr;54;Cycles;50000;PopulationSize;172;Fitness;89;Critical_path;87;Deviation;0.022988505747126436;UID;89_1_2_3_4_17_18_65_5_20_27_39_6_7_9_21_10_12_13_67_19_33_63_16_22_32_23_41_51_57_14_26_81_24_29_42_58_49_53_55_74_8_70_112_61_54_60_15_28_30_48_73_91_34_37_96_11_36_77_31_71_44_79_68_46_52_47_62_25_38_88_40_82_85_111_72_56_75_45_106_76_78_66_89_107_50_59_92_86_109_80_93_101_102_64_97_35_84_113_69_94_115_43_87_90_98_95_100_104_105_117_103_108_99_120_83_114_110_118_116_119_121_122
File_name;instances\j12015_4.sm;FileNr;55;Cycles;50000;PopulationSize;125;Fitness;86;Critical_path;82;Deviation;0.04878048780487805;UID;86_1_2_3_4_6_8_10_9_13_39_11_27_30_44_56_52_26_48_16_17_71_5_64_14_23_29_32_12_21_25_31_33_46_45_24_34_42_67_103_7_18_19_84_20_73_36_61_72_89_65_80_35_38_60_41_28_43_47_53_92_98_76_15_40_91_107_55_79_97_104_22_37_57_62_74_63_66_78_100_50_51_75_49_77_85_54_81_58_83_70_102_105_101_68_69_86_94_95_59_88_93_112_96_82_87_108_116_106_109_113_90_111_118_114_117_99_110_115_121_120_119_122
File_name;instances\j12015_1.sm;FileNr;51;Cycles;50000;PopulationSize;163;Fitness;83;Critical_path;81;Deviation;0.024691358024691357;UID;83_1_2_3_4_5_6_24_7_11_9_46_51_23_56_94_13_25_60_17_31_12_14_39_71_10_26_27_54_79_18_34_63_15_45_53_91_8_29_36_44_32_61_40_48_66_20_43_59_68_80_22_74_101_33_49_85_47_55_28_16_35_52_57_75_99_106_38_100_76_105_69_72_81_82_19_21_30_42_64_37_62_65_90_58_109_67_78_50_86_96_103_84_70_118_104_88_73_87_93_77_98_41_107_110_111_114_89_92_119_102_95_108_115_83_112_113_116_97_117_121_120_122
File_name;instances\j12015_6.sm;FileNr;57;Cycles;12666;PopulationSize;161;Fitness;97;Critical_path;97;Deviation;0.0;UID;97_1_2_3_4_7_12_26_13_44_9_69_8_25_66_5_6_28_34_24_46_50_55_53_11_14_37_49_71_54_16_18_22_20_82_23_48_91_15_99_39_36_60_64_67_89_27_68_80_21_42_96_32_78_87_40_83_10_17_56_58_47_31_92_63_75_29_43_77_19_41_57_117_52_85_35_70_106_51_30_45_59_65_76_33_62_81_116_38_74_86_61_72_73_79_84_114_93_94_101_102_88_105_95_97_108_90_109_112_98_107_100_103_104_110_113_120_111_115_118_121_119_122
File_name;instances\j12015_9.sm;FileNr;60;Cycles;4970;PopulationSize;138;Fitness;109;Critical_path;109;Deviation;0.0;UID;109_1_2_3_4_6_9_29_5_7_12_31_35_15_30_8_14_20_10_13_23_28_33_37_38_41_50_61_11_32_83_108_18_16_67_47_65_69_36_39_40_71_26_44_55_46_17_45_51_60_42_70_21_54_19_25_58_62_88_77_87_27_53_89_59_66_85_49_90_22_110_34_43_52_63_64_76_24_68_79_81_91_48_82_96_74_95_72_103_56_86_80_105_73_97_98_99_57_78_94_84_92_116_100_104_109_75_93_101_106_102_114_119_111_113_112_107_118_115_121_117_120_122
File_name;instances\j12015_8.sm;FileNr;59;Cycles;5764;PopulationSize;134;Fitness;126;Critical_path;126;Deviation;0.0;UID;126_1_2_3_4_5_6_7_50_64_17_9_13_33_70_80_43_8_10_11_25_26_21_24_29_12_37_44_53_62_69_14_15_20_71_31_49_42_28_32_41_55_74_66_34_35_45_54_77_16_88_18_22_47_67_87_94_46_95_30_57_65_83_91_19_27_56_23_40_39_82_78_48_58_96_36_51_59_76_97_100_52_85_60_75_90_38_63_72_106_61_89_102_68_79_86_73_93_103_84_98_105_113_81_99_119_92_107_112_120_104_101_109_108_118_110_116_111_114_115_117_121_122
File_name;instances\j12015_7.sm;FileNr;58;Cycles;22118;PopulationSize;107;Fitness;75;Critical_path;75;Deviation;0.0;UID;75_1_2_3_4_5_7_22_6_8_20_31_34_37_41_50_13_26_12_64_15_56_58_9_16_19_53_94_11_14_27_86_36_61_73_33_39_48_72_24_25_51_71_42_93_108_29_35_47_28_32_102_21_44_54_23_40_45_62_65_38_49_63_90_92_76_60_66_18_68_46_67_83_10_30_59_78_79_95_104_55_57_75_80_85_74_111_70_17_77_98_107_43_52_89_91_101_69_81_82_84_118_87_121_96_97_103_110_112_109_88_99_100_106_114_105_115_113_117_116_120_119_122
File_name;instances\j12016_1.sm;FileNr;61;Cycles;50000;PopulationSize;288;Fitness;223;Critical_path;71;Deviation;2.140845070422535;UID;223_1_2_4_5_6_26_3_17_21_24_10_15_33_12_18_7_38_23_77_35_48_44_36_8_63_14_34_72_30_61_9_47_52_55_11_51_101_96_103_105_25_54_32_19_76_81_104_108_39_29_31_60_59_68_40_71_62_13_49_50_37_22_43_20_41_78_58_57_16_42_66_92_75_67_45_27_65_85_88_91_28_53_106_82_94_64_69_74_95_80_97_70_56_89_93_46_84_83_98_79_113_100_73_116_86_87_102_110_112_99_114_90_107_109_111_115_118_120_121_117_119_122
File_name;instances\j12016_10.sm;FileNr;62;Cycles;50000;PopulationSize;279;Fitness;243;Critical_path;98;Deviation;1.4795918367346939;UID;243_1_2_4_24_30_69_5_6_70_73_10_9_3_14_16_32_77_18_58_13_42_12_23_15_29_46_39_26_57_83_82_47_7_55_36_78_20_11_28_51_74_50_91_65_66_19_21_68_8_35_67_17_49_96_45_22_33_102_25_93_94_56_34_27_95_43_108_31_38_41_64_62_61_71_79_59_104_52_40_81_76_97_115_53_54_92_60_101_80_116_89_85_106_37_88_44_63_113_72_48_90_75_112_100_109_84_98_99_86_103_87_105_110_107_114_120_111_117_118_119_121_122
File_name;instances\j12016_4.sm;FileNr;65;Cycles;50000;PopulationSize;246;Fitness;222;Critical_path;80;Deviation;1.775;UID;222_1_2_3_6_21_76_5_7_43_23_9_4_25_12_18_8_42_34_59_10_41_24_33_69_14_46_85_20_60_70_58_77_27_52_19_44_53_54_82_29_11_36_45_50_66_15_88_49_67_48_17_90_80_31_28_38_94_73_81_30_39_93_71_61_78_22_74_91_32_13_95_37_97_40_16_55_84_51_62_107_35_92_98_100_83_56_63_79_64_111_108_26_75_113_72_89_99_105_65_121_109_47_57_68_86_96_87_103_118_101_102_106_104_110_112_116_115_114_117_119_120_122
File_name;instances\j12016_3.sm;FileNr;64;Cycles;50000;PopulationSize;271;Fitness;264;Critical_path;97;Deviation;1.7216494845360826;UID;264_1_2_3_4_17_5_19_23_48_24_26_6_7_25_21_38_50_27_55_8_13_91_30_32_33_40_9_12_14_65_45_71_11_39_54_34_74_68_51_57_52_60_15_44_47_80_67_16_43_81_89_35_37_61_102_29_78_18_69_72_73_59_28_86_84_10_31_87_103_36_56_53_94_49_70_79_104_41_42_63_58_77_85_95_82_20_98_66_92_22_46_97_64_90_105_75_62_99_83_100_101_114_96_88_93_110_106_107_108_111_115_121_76_117_112_113_109_116_118_119_120_122
File_name;instances\j12016_2.sm;FileNr;63;Cycles;50000;PopulationSize;280;Fitness;265;Critical_path;85;Deviation;2.1176470588235294;UID;265_1_2_5_20_23_4_6_7_65_10_18_9_12_22_32_13_3_16_14_52_73_21_57_35_34_43_27_44_19_39_45_25_64_8_70_26_11_42_93_62_67_81_63_58_28_49_29_77_50_15_46_71_68_75_30_59_61_36_88_38_54_84_91_17_85_55_33_66_24_60_56_97_76_40_79_37_47_95_31_51_96_53_86_102_103_80_92_106_78_104_74_82_41_98_90_114_72_48_112_107_100_113_87_105_83_99_115_69_108_101_94_89_110_109_111_120_117_116_119_118_121_122
File_name;instances\j12016_7.sm;FileNr;68;Cycles;50000;PopulationSize;299;Fitness;211;Critical_path;90;Deviation;1.3444444444444446;UID;211_1_2_4_5_9_6_8_12_14_43_13_10_22_19_27_11_17_18_38_28_30_33_40_54_39_21_87_26_84_15_29_85_47_52_23_3_57_63_25_41_7_68_71_95_46_20_60_59_86_55_16_37_44_77_115_79_62_24_81_69_104_36_80_83_58_48_53_34_76_32_61_70_107_31_64_45_56_73_35_88_91_92_78_98_96_97_100_42_51_106_49_50_67_74_89_82_72_93_99_65_66_94_75_108_90_105_110_101_112_102_111_113_103_114_117_109_116_118_121_120_119_122
File_name;instances\j12016_5.sm;FileNr;66;Cycles;50000;PopulationSize;273;Fitness;229;Critical_path;92;Deviation;1.4891304347826086;UID;229_1_2_3_5_4_7_9_10_8_25_48_33_12_53_13_35_64_26_28_6_19_11_18_14_66_40_22_23_95_20_31_15_82_30_54_47_38_29_43_42_96_84_41_45_56_67_61_69_34_27_71_24_49_37_58_60_62_36_39_50_110_78_70_79_91_17_51_97_101_21_44_68_55_65_74_72_16_109_92_98_59_63_73_85_99_104_57_105_112_32_108_106_75_76_88_46_86_100_80_83_52_87_103_77_89_102_93_90_113_94_107_111_114_115_116_81_117_120_118_121_119_122
File_name;instances\j12016_6.sm;FileNr;67;Cycles;50000;PopulationSize;270;Fitness;231;Critical_path;79;Deviation;1.9240506329113924;UID;231_1_2_4_3_17_31_14_22_36_5_9_7_11_13_54_6_10_56_16_68_40_37_20_27_29_8_49_34_47_79_41_21_93_12_23_35_60_18_45_76_51_69_24_52_61_103_15_25_101_46_42_53_26_30_32_62_85_48_66_72_86_83_57_71_75_77_94_78_55_87_44_92_58_90_64_88_38_50_19_28_59_74_84_106_91_43_33_82_81_99_63_65_80_95_110_67_108_100_111_98_73_104_107_96_89_105_97_39_70_102_113_116_109_114_118_115_112_121_117_119_120_122
File_name;instances\j12016_8.sm;FileNr;69;Cycles;50000;PopulationSize;290;Fitness;225;Critical_path;77;Deviation;1.922077922077922;UID;225_1_2_3_4_7_5_16_6_9_10_28_35_19_22_18_13_48_45_12_15_31_32_60_75_8_44_38_39_17_34_21_40_29_20_51_52_86_68_55_26_66_80_23_37_88_30_42_49_25_58_33_53_57_79_87_77_41_92_27_47_56_46_62_90_14_24_108_61_94_54_81_78_59_63_71_83_99_110_43_82_69_72_93_89_100_95_109_84_91_74_103_50_70_97_107_65_113_64_104_67_96_11_73_36_76_105_111_85_106_117_98_112_115_101_116_118_102_120_114_119_121_122
File_name;instances\j12016_9.sm;FileNr;70;Cycles;50000;PopulationSize;314;Fitness;230;Critical_path;88;Deviation;1.6136363636363635;UID;230_1_2_3_4_23_7_8_27_6_14_43_5_21_17_16_39_80_29_48_20_42_67_32_47_64_57_65_45_22_63_76_10_11_41_95_15_38_25_89_58_13_26_46_100_24_34_12_40_72_9_77_55_28_73_19_30_96_36_18_37_35_60_59_50_56_93_82_31_53_44_79_88_33_52_49_61_85_115_86_62_83_87_92_69_68_54_104_101_91_71_74_75_108_70_66_98_97_109_94_105_102_51_116_110_106_103_114_112_90_99_78_84_81_107_113_111_121_117_120_118_119_122
File_name;instances\j12017_3.sm;FileNr;74;Cycles;50000;PopulationSize;179;Fitness;117;Critical_path;72;Deviation;0.625;UID;117_1_2_3_4_7_15_18_5_33_56_13_9_12_43_42_27_29_46_30_51_6_70_22_14_35_76_80_37_78_40_84_89_48_8_10_16_21_97_47_55_25_38_54_73_11_23_24_41_57_103_83_32_36_64_19_74_52_26_39_82_63_34_90_28_85_93_58_104_49_50_53_17_20_71_77_61_69_59_31_65_66_87_44_45_75_81_88_112_91_92_96_101_72_62_100_107_79_98_117_109_106_67_94_105_102_86_95_68_113_108_110_114_60_99_111_115_118_121_116_120_119_122
File_name;instances\j12017_1.sm;FileNr;71;Cycles;50000;PopulationSize;210;Fitness;154;Critical_path;87;Deviation;0.7701149425287356;UID;154_1_2_3_4_6_15_7_9_13_16_5_84_11_41_8_20_22_45_40_88_21_46_49_10_26_58_33_12_27_19_14_31_65_68_17_101_54_32_23_76_24_78_29_35_44_25_74_80_97_56_30_66_48_51_37_28_36_59_18_38_81_75_69_62_39_67_50_60_64_53_107_47_42_63_73_85_55_43_79_96_93_100_34_57_52_86_61_98_71_70_90_72_83_111_102_87_108_77_92_94_91_89_109_112_106_82_99_110_95_103_105_114_113_117_104_115_118_116_121_120_119_122
File_name;instances\j12017_10.sm;FileNr;72;Cycles;50000;PopulationSize;205;Fitness;147;Critical_path;88;Deviation;0.6704545454545454;UID;147_1_2_3_4_6_17_36_5_10_9_38_45_46_56_7_88_12_18_58_11_25_104_34_41_13_29_20_24_54_102_40_21_78_26_14_8_31_35_64_73_49_79_51_81_16_37_52_32_50_83_86_15_23_62_85_19_74_47_65_28_30_44_63_39_67_80_57_55_60_22_33_42_77_48_71_72_98_75_89_53_68_95_43_91_82_61_101_107_59_70_99_105_87_69_84_92_96_27_94_66_110_108_76_90_97_93_117_100_111_116_112_106_103_114_109_118_113_115_121_120_119_122
File_name;instances\j12017_2.sm;FileNr;73;Cycles;50000;PopulationSize;216;Fitness;135;Critical_path;74;Deviation;0.8243243243243243;UID;135_1_2_3_4_5_6_7_45_67_8_33_79_65_10_24_9_22_29_13_44_60_43_63_12_38_104_23_27_36_106_19_15_18_30_17_46_84_55_42_71_72_21_39_85_74_35_11_82_98_14_37_32_62_83_16_31_49_57_51_94_103_25_92_52_40_97_99_26_20_48_47_66_34_68_54_53_73_86_100_78_58_64_76_80_75_41_28_77_50_61_88_59_87_81_113_91_101_69_56_70_90_107_102_96_105_111_89_93_109_95_108_112_110_117_115_114_118_116_120_121_119_122
File_name;instances\j12017_4.sm;FileNr;75;Cycles;50000;PopulationSize;208;Fitness;136;Critical_path;91;Deviation;0.4945054945054945;UID;136_1_2_3_4_8_6_5_47_7_9_12_44_15_16_63_64_18_28_56_77_14_86_11_82_13_30_24_33_79_19_23_78_10_67_26_36_81_66_106_35_42_59_25_34_39_20_75_22_46_104_52_54_61_27_90_51_57_49_107_91_38_65_21_94_41_68_50_73_97_29_62_43_85_108_17_53_88_55_45_71_83_37_72_32_93_84_99_58_69_74_87_89_70_31_105_101_109_92_80_40_48_95_102_110_103_113_76_98_112_96_60_114_100_115_116_118_111_117_119_121_120_122
File_name;instances\j12017_5.sm;FileNr;76;Cycles;50000;PopulationSize;198;Fitness;148;Critical_path;90;Deviation;0.6444444444444445;UID;148_1_2_3_4_7_8_17_11_5_27_10_38_9_16_54_55_12_34_42_13_21_24_84_14_15_63_105_82_88_22_45_53_66_77_67_19_92_39_102_18_26_93_30_96_28_75_29_59_40_61_97_20_33_6_69_47_25_46_60_58_50_80_37_48_35_36_52_71_68_74_76_49_44_70_81_94_73_51_23_31_85_32_57_89_99_72_43_56_91_65_98_41_106_62_86_78_79_83_100_64_95_120_87_103_111_112_110_114_115_90_108_116_117_101_118_109_104_107_119_113_121_122
File_name;instances\j12017_6.sm;FileNr;77;Cycles;50000;PopulationSize;197;Fitness;146;Critical_path;68;Deviation;1.1470588235294117;UID;146_1_2_3_4_10_5_14_23_43_87_12_18_29_7_20_37_13_28_42_51_53_15_21_60_17_22_94_34_25_6_26_35_71_97_49_65_106_9_92_24_101_11_57_63_36_88_41_44_16_103_45_31_100_33_38_62_64_32_8_46_55_76_79_83_47_109_30_40_66_70_58_80_75_78_50_59_74_61_48_111_102_85_89_19_82_27_104_68_95_56_99_54_72_84_52_67_77_69_90_73_39_98_108_110_81_93_117_91_86_113_107_112_115_96_114_116_118_120_105_121_119_122
File_name;instances\j12017_8.sm;FileNr;79;Cycles;50000;PopulationSize;194;Fitness;144;Critical_path;73;Deviation;0.9726027397260274;UID;144_1_2_3_4_6_5_7_14_16_28_21_20_32_8_17_26_35_11_15_51_77_47_60_10_23_18_30_100_19_54_69_82_22_37_55_59_61_64_68_93_44_91_56_79_53_49_34_38_76_71_103_12_50_31_109_92_36_81_41_9_72_25_43_63_90_29_104_46_75_87_88_13_24_57_58_73_67_106_52_27_39_45_70_42_33_83_89_101_48_66_74_40_84_112_62_108_80_110_85_86_65_95_94_98_78_105_96_102_97_111_114_99_113_121_115_117_107_116_118_119_120_122
File_name;instances\j12017_7.sm;FileNr;78;Cycles;50000;PopulationSize;246;Fitness;163;Critical_path;98;Deviation;0.6632653061224489;UID;163_1_2_3_4_6_46_5_11_12_14_7_37_9_10_22_72_15_23_82_17_40_49_55_43_48_19_13_24_70_16_27_31_54_39_44_65_95_96_59_86_97_25_88_8_63_73_30_77_89_53_93_18_57_79_110_28_35_42_68_81_92_26_36_117_21_98_32_50_102_103_61_33_20_45_109_51_108_69_58_38_71_34_41_66_64_87_62_83_60_78_85_29_67_74_84_75_47_90_99_80_91_107_52_76_113_118_100_94_101_56_106_115_112_104_114_105_111_116_120_119_121_122
File_name;instances\j12017_9.sm;FileNr;80;Cycles;50000;PopulationSize;229;Fitness;152;Critical_path;81;Deviation;0.8765432098765432;UID;152_1_2_3_4_12_6_57_36_40_7_16_18_42_64_5_9_8_15_34_68_63_19_41_14_73_60_10_21_47_17_62_13_82_29_45_22_24_90_11_59_33_35_80_84_28_46_69_98_27_51_71_72_26_20_48_65_91_100_105_74_86_87_23_44_77_110_93_66_76_52_79_88_113_95_83_25_31_81_97_49_54_61_30_115_37_103_99_55_32_70_78_38_43_94_96_50_56_53_108_39_58_67_89_102_85_101_104_109_106_107_118_75_92_112_111_114_116_121_117_120_119_122
File_name;instances\j12018_10.sm;FileNr;82;Cycles;50000;PopulationSize;194;Fitness;110;Critical_path;84;Deviation;0.30952380952380953;UID;110_1_2_3_4_11_42_81_5_6_8_7_28_9_12_18_19_41_20_21_24_34_22_70_14_26_45_29_25_49_38_47_39_43_53_10_16_27_67_40_56_46_51_69_71_74_104_17_36_83_44_76_30_37_91_50_62_66_64_78_52_61_95_33_88_110_35_59_65_31_87_77_99_48_15_58_89_79_100_60_85_63_55_73_84_113_117_72_103_13_80_23_82_96_75_98_102_106_107_32_86_97_105_68_108_109_115_54_90_92_93_112_101_57_111_114_94_116_118_121_120_119_122
File_name;instances\j12018_2.sm;FileNr;83;Cycles;50000;PopulationSize;185;Fitness;132;Critical_path;111;Deviation;0.1891891891891892;UID;132_1_2_3_4_7_9_14_5_6_18_26_15_17_25_86_29_40_8_10_11_20_12_30_23_27_36_61_13_48_49_90_19_63_22_54_84_60_31_37_42_34_16_38_69_24_35_55_44_46_91_53_43_59_50_51_108_66_74_98_115_101_45_85_33_100_21_68_58_77_28_32_39_47_57_79_102_71_41_81_65_72_87_67_82_104_73_52_78_80_116_92_62_76_75_88_94_103_56_83_95_97_99_93_111_109_64_106_112_96_107_114_70_118_105_117_89_110_113_119_121_120_122
File_name;instances\j12018_3.sm;FileNr;84;Cycles;50000;PopulationSize;193;Fitness;110;Critical_path;72;Deviation;0.5277777777777778;UID;110_1_2_3_4_9_38_8_10_43_46_57_11_12_16_17_23_18_26_28_14_25_6_51_21_54_32_61_27_36_48_79_15_20_30_37_39_55_71_22_5_19_52_101_50_73_47_69_59_81_24_35_40_68_63_97_29_103_76_65_31_44_42_33_78_34_62_67_49_104_53_60_85_13_41_75_77_66_109_110_7_56_82_87_92_58_91_74_70_93_64_102_45_99_72_84_88_80_83_106_96_89_95_114_86_112_90_94_98_113_116_120_100_105_107_108_117_118_111_115_121_119_122
File_name;instances\j12018_1.sm;FileNr;81;Cycles;50000;PopulationSize;237;Fitness;148;Critical_path;101;Deviation;0.46534653465346537;UID;148_1_2_3_4_7_10_32_42_61_16_18_5_27_12_14_45_24_6_11_8_35_37_15_52_17_65_9_104_21_67_40_19_30_64_68_13_57_36_79_88_46_33_114_63_20_29_44_70_34_43_41_81_92_28_39_47_62_80_48_25_85_50_49_55_54_58_23_31_86_89_60_83_101_77_87_66_51_22_73_93_84_108_72_102_38_78_94_71_74_59_56_75_91_100_69_76_90_97_82_95_26_96_103_109_98_111_107_53_99_110_105_106_113_118_116_112_121_115_117_120_119_122
File_name;instances\j12018_4.sm;FileNr;85;Cycles;50000;PopulationSize;205;Fitness;110;Critical_path;77;Deviation;0.42857142857142855;UID;110_1_2_3_4_6_37_5_11_12_7_19_53_8_24_9_21_10_15_22_26_31_18_42_38_47_70_25_39_45_41_49_52_77_86_34_14_23_30_35_64_100_59_66_61_68_65_36_20_40_46_13_17_79_74_90_16_69_73_103_98_102_32_92_67_83_43_106_28_29_89_27_95_91_94_105_33_56_60_107_72_44_99_48_96_54_75_55_104_93_81_78_57_101_50_62_63_71_58_87_110_111_97_116_88_84_114_109_76_115_82_112_85_113_80_108_117_51_121_119_118_120_122
File_name;instances\j12018_5.sm;FileNr;86;Cycles;50000;PopulationSize;183;Fitness;130;Critical_path;88;Deviation;0.4772727272727273;UID;130_1_2_3_4_31_5_11_6_8_9_12_7_17_23_32_16_29_115_19_18_64_24_26_79_36_47_15_60_40_21_39_57_44_58_62_42_56_59_63_65_66_82_100_25_27_53_89_54_28_50_73_52_37_55_85_30_70_61_105_13_43_92_48_86_10_33_46_38_71_97_91_76_22_45_77_20_35_98_75_94_72_84_119_14_80_67_81_34_51_74_87_96_103_68_88_41_108_69_78_93_112_49_83_95_101_109_110_90_104_99_106_113_102_107_114_117_116_111_118_121_120_122
File_name;instances\j12018_8.sm;FileNr;89;Cycles;50000;PopulationSize;242;Fitness;116;Critical_path;88;Deviation;0.3181818181818182;UID;116_1_2_3_4_7_8_9_11_12_15_21_30_14_16_26_88_25_37_49_20_67_5_10_39_91_54_19_87_38_46_6_52_28_44_74_65_48_66_13_43_84_95_18_24_64_73_35_36_32_76_63_71_57_86_29_99_23_22_77_70_53_31_47_42_90_17_50_27_59_92_109_45_55_96_33_34_40_58_61_102_83_98_51_69_111_72_78_112_60_62_79_81_89_104_56_82_80_75_100_93_101_85_110_68_108_103_97_107_41_94_116_114_106_105_117_115_119_113_121_118_120_122
File_name;instances\j12018_7.sm;FileNr;88;Cycles;50000;PopulationSize;197;Fitness;128;Critical_path;89;Deviation;0.43820224719101125;UID;128_1_2_3_4_39_6_9_22_5_8_10_37_40_25_33_7_14_30_12_51_68_61_11_27_47_63_50_80_66_71_13_15_18_19_44_28_34_48_29_49_23_56_73_81_21_32_70_16_60_43_87_65_93_62_52_20_74_84_100_26_75_78_36_57_115_110_82_45_76_17_24_41_91_90_94_42_95_31_35_83_58_72_98_46_53_97_38_54_88_55_77_101_69_107_59_67_99_96_89_105_79_103_85_113_64_102_86_108_111_104_106_114_92_109_112_117_116_118_119_120_121_122
File_name;instances\j12018_6.sm;FileNr;87;Cycles;50000;PopulationSize;253;Fitness;147;Critical_path;108;Deviation;0.3611111111111111;UID;147_1_2_3_4_6_5_14_18_29_30_54_24_43_21_7_11_20_22_37_8_9_62_12_10_13_57_38_17_36_28_16_26_45_15_23_39_40_51_32_71_25_46_41_44_31_80_65_90_49_84_48_42_70_27_50_89_78_81_88_55_59_47_19_33_56_72_35_66_91_60_68_97_52_34_58_96_53_92_69_85_64_67_86_100_73_98_74_61_75_82_76_102_79_83_77_93_116_63_87_103_95_99_104_117_101_107_94_105_108_109_110_112_106_111_118_113_114_119_120_115_121_122
File_name;instances\j12018_9.sm;FileNr;90;Cycles;50000;PopulationSize;228;Fitness;99;Critical_path;76;Deviation;0.3026315789473684;UID;99_1_2_3_4_5_7_10_12_6_13_24_30_49_18_23_41_21_26_8_11_25_27_16_19_28_29_58_63_77_35_93_64_34_40_78_9_14_17_102_22_92_39_44_46_15_62_36_37_60_73_31_38_51_20_50_48_52_54_59_65_85_96_55_67_70_32_42_45_47_80_91_33_90_56_43_68_83_71_72_53_66_74_99_117_69_79_84_57_82_97_98_109_61_75_105_95_94_101_81_86_112_107_76_103_87_100_108_115_88_89_113_104_106_110_114_111_116_120_118_121_119_122
File_name;instances\j12019_1.sm;FileNr;91;Cycles;50000;PopulationSize;203;Fitness;92;Critical_path;88;Deviation;0.045454545454545456;UID;92_1_2_3_4_8_30_34_9_10_19_44_55_23_50_87_7_20_12_13_15_16_43_49_11_21_22_29_37_48_54_88_27_28_75_14_25_39_56_79_18_33_17_53_45_60_68_31_6_66_5_42_36_82_46_61_72_67_78_26_51_62_74_69_80_24_40_57_59_95_84_93_103_71_32_41_63_97_58_85_35_38_52_99_114_91_92_90_106_47_64_76_77_98_65_112_101_73_83_107_70_109_86_120_94_119_81_89_96_102_108_113_100_110_105_115_104_111_117_116_118_121_122
File_name;instances\j12019_10.sm;FileNr;92;Cycles;50000;PopulationSize;158;Fitness;90;Critical_path;88;Deviation;0.022727272727272728;UID;90_1_2_3_4_7_10_11_5_14_15_26_25_35_38_68_30_32_22_23_42_6_18_36_8_9_13_75_54_47_82_27_57_12_33_16_41_46_52_28_34_37_50_78_21_17_39_20_58_85_87_63_67_76_31_45_65_49_29_24_43_51_48_55_19_91_53_102_88_61_107_90_101_62_89_69_74_81_59_71_73_80_44_66_84_110_60_70_72_94_105_79_40_83_92_86_95_93_113_77_100_103_96_64_106_98_117_99_97_56_109_104_111_114_112_118_115_108_119_120_116_121_122
File_name;instances\j12019_2.sm;FileNr;93;Cycles;50000;PopulationSize;189;Fitness;91;Critical_path;81;Deviation;0.12345679012345678;UID;91_1_2_3_4_19_22_32_6_17_39_45_5_9_7_11_14_54_71_91_13_15_23_26_24_68_40_59_28_29_74_57_72_8_10_52_20_37_34_51_83_12_16_30_44_25_47_58_42_18_41_90_61_95_109_27_35_43_46_31_60_50_36_21_49_66_55_65_73_33_38_53_67_56_88_99_48_62_101_69_94_76_63_70_77_87_75_80_82_64_79_81_92_105_85_86_78_93_103_107_98_96_97_100_106_89_108_102_104_110_113_84_111_114_117_115_112_118_120_121_116_119_122
File_name;instances\j12019_3.sm;FileNr;94;Cycles;50000;PopulationSize;146;Fitness;92;Critical_path;72;Deviation;0.2777777777777778;UID;92_1_2_3_4_5_27_32_52_68_73_9_10_37_7_15_30_34_6_46_11_28_8_59_66_91_12_19_23_29_20_26_60_61_18_33_40_35_43_25_53_22_48_90_36_58_24_54_78_21_45_14_70_13_65_72_41_42_56_74_75_67_82_47_80_81_44_39_51_79_86_102_93_38_87_55_95_107_57_64_76_96_104_16_84_105_49_62_63_71_31_106_17_50_97_98_111_77_94_92_99_101_69_85_83_88_100_103_108_109_114_110_116_115_121_113_119_89_112_117_118_120_122
File_name;instances\j12019_4.sm;FileNr;95;Cycles;50000;PopulationSize;200;Fitness;118;Critical_path;92;Deviation;0.2826086956521739;UID;118_1_2_3_4_13_53_5_11_6_14_39_70_15_47_19_22_29_31_48_7_18_8_28_10_45_50_65_30_60_63_69_9_99_42_12_24_25_17_86_27_23_73_104_16_33_34_49_36_91_66_32_54_109_52_79_26_76_38_35_37_40_57_43_61_89_20_44_55_64_84_103_46_80_68_97_56_67_102_41_21_62_77_93_113_81_94_118_85_90_59_72_74_78_51_88_92_95_75_105_71_82_83_96_87_58_101_106_107_100_112_111_98_108_114_115_116_121_110_117_119_120_122
File_name;instances\j12019_5.sm;FileNr;96;Cycles;50000;PopulationSize;210;Fitness;115;Critical_path;85;Deviation;0.35294117647058826;UID;115_1_2_3_4_5_15_6_50_7_11_17_22_24_48_57_8_37_16_45_47_61_65_69_78_23_19_21_62_10_28_18_40_51_52_81_109_9_43_98_34_41_66_13_33_72_49_30_46_59_71_25_27_14_31_73_85_12_70_36_89_100_38_79_26_29_32_63_74_87_58_44_42_93_39_53_64_88_83_101_112_20_102_111_108_55_54_56_77_97_60_86_35_67_80_94_115_103_75_99_76_82_95_96_118_110_90_68_84_91_105_106_116_113_92_107_104_114_119_117_120_121_122
File_name;instances\j12019_6.sm;FileNr;97;Cycles;50000;PopulationSize;211;Fitness;97;Critical_path;80;Deviation;0.2125;UID;97_1_2_3_4_5_6_9_8_10_12_19_14_15_41_48_65_18_21_26_17_22_23_29_46_56_11_50_24_28_36_67_20_27_80_54_39_93_16_35_43_88_32_42_38_76_40_44_53_81_7_37_75_92_47_49_55_25_30_60_62_101_73_31_33_61_63_86_84_94_34_72_100_74_82_57_52_91_87_13_78_89_45_77_64_90_58_97_51_96_102_59_69_68_71_66_107_70_98_103_110_95_112_79_105_104_114_85_109_83_108_115_111_116_106_99_113_117_118_120_119_121_122
File_name;instances\j12019_7.sm;FileNr;98;Cycles;50000;PopulationSize;203;Fitness;98;Critical_path;93;Deviation;0.053763440860215055;UID;98_1_2_3_4_16_22_31_6_7_12_5_8_18_25_9_51_81_92_17_27_28_32_30_15_19_26_33_41_91_10_37_29_39_50_35_40_46_52_86_23_55_60_78_36_48_59_61_34_49_74_11_45_64_75_57_66_20_73_14_24_56_69_65_21_44_13_70_43_38_47_77_83_54_79_87_58_82_85_90_42_62_93_99_71_94_68_67_72_76_95_89_80_107_53_63_84_88_101_112_98_102_106_103_111_113_104_105_96_100_108_114_109_97_115_117_119_118_110_116_121_120_122
File_name;instances\j12019_8.sm;FileNr;99;Cycles;50000;PopulationSize;206;Fitness;102;Critical_path;93;Deviation;0.0967741935483871;UID;102_1_2_3_4_5_6_7_12_18_21_45_60_8_26_17_23_28_58_82_94_11_36_52_70_10_41_13_48_32_19_24_27_30_46_68_56_14_73_74_39_51_71_72_35_88_106_16_34_42_77_83_9_15_25_69_33_53_90_20_38_47_31_37_40_65_22_44_55_104_29_54_103_57_75_97_50_67_80_98_76_61_63_89_59_92_78_84_91_62_49_79_102_66_109_87_96_100_64_43_85_81_86_95_93_116_110_105_107_118_108_114_99_101_119_111_112_115_117_113_120_121_122
File_name;instances\j12019_9.sm;FileNr;100;Cycles;50000;PopulationSize;166;Fitness;97;Critical_path;75;Deviation;0.29333333333333333;UID;97_1_2_3_4_8_10_12_5_21_6_9_24_44_41_99_13_14_19_30_16_22_28_25_23_31_55_15_27_35_51_62_32_38_56_101_42_82_85_7_88_33_39_34_36_43_20_64_65_73_83_79_40_58_84_11_17_29_57_77_18_87_66_37_26_45_74_86_50_106_104_48_52_69_72_71_93_46_54_53_60_90_109_59_94_47_61_75_63_49_80_95_68_107_114_67_89_81_111_70_76_91_78_98_105_92_97_112_102_108_103_115_113_100_96_110_121_117_120_116_118_119_122
